market,year,quarter,population_growth_yoy,job_growth_yoy,rent_growth_yoy,vacancy_rate,median_income,median_rent,permits_per_1000_households,unemployment_rate,liquidity_score,landlord_friendliness_score,crime_risk_score,school_score,insurance_stress_index
"San Antonio, TX",2016,1,0.0309,0.0262,0.0157,0.0384,62010,1420.85,1.77,0.0829,6.82,6.68,5.74,5.95,0.464
"San Antonio, TX",2016,2,0.0311,0.0345,-0.0138,0.076,69289,1631.43,4.42,0.0724,8.32,8.98,4.91,7.4,0.207
"San Antonio, TX",2016,3,0.03,-0.0019,0.0004,0.0986,67609,1368.93,12.2,0.0292,6.01,6.02,6.4,8.15,0.384
"San Antonio, TX",2016,4,-0.0096,-0.0054,0.0165,0.0358,67683,1488.21,5.07,0.0354,6.0,5.07,4.66,5.25,0.595
"San Antonio, TX",2017,1,0.0182,0.0247,0.0401,0.0934,65092,1312.69,5.0,0.0768,4.52,7.55,2.19,4.2,0.861
"San Antonio, TX",2017,2,0.009,0.0256,0.0174,0.0354,70329,1661.61,8.23,0.0516,5.37,3.58,7.14,4.57,0.426
"San Antonio, TX",2017,3,0.01,0.0327,0.0447,0.0355,66946,1746.09,13.45,0.0806,6.3,7.65,7.78,6.73,0.935
"San Antonio, TX",2017,4,0.0103,0.0364,0.0704,0.0416,68404,1552.3,5.05,0.0505,5.26,8.14,4.43,7.94,0.252
"San Antonio, TX",2018,1,-0.0096,0.0267,0.028,0.0615,65657,1292.03,7.01,0.0544,4.31,6.78,2.01,6.18,0.177
"San Antonio, TX",2018,2,0.0055,-0.0053,0.0549,0.0763,68534,1288.45,10.11,0.0376,7.18,6.84,5.83,4.33,0.871
"San Antonio, TX",2018,3,0.0136,-0.0075,0.0401,0.0717,67463,1175.45,8.35,0.0527,7.75,6.27,3.23,5.82,0.568
"San Antonio, TX",2018,4,-0.0063,0.0203,0.0129,0.0912,69173,1614.25,3.18,0.0674,5.96,6.34,6.11,7.68,0.757
"San Antonio, TX",2019,1,0.0313,0.0137,0.0604,0.0875,62566,1721.59,8.12,0.0494,8.54,6.3,5.37,8.41,0.783
"San Antonio, TX",2019,2,0.0024,0.0427,0.0127,0.039,69885,1234.1,2.8,0.0692,6.39,3.51,3.03,5.05,0.35
"San Antonio, TX",2019,3,-0.0043,0.0406,0.0828,0.0451,62435,1777.52,4.28,0.0438,6.44,5.03,3.23,4.65,0.737
"San Antonio, TX",2019,4,0.0136,-0.0084,0.0243,0.1065,64681,1402.92,10.11,0.0664,7.58,7.54,2.74,7.11,0.932
"San Antonio, TX",2020,1,0.0025,0.0279,-0.0043,0.0989,68657,1256.24,7.47,0.0765,4.79,8.32,3.41,7.52,0.135
"San Antonio, TX",2020,2,0.025,-0.0072,-0.0102,0.0602,65618,1202.8,6.15,0.0282,8.73,3.82,6.15,6.91,0.895
"San Antonio, TX",2020,3,0.0098,0.0126,0.0218,0.0788,65140,1563.61,2.72,0.032,4.31,4.39,5.47,6.04,0.851
"San Antonio, TX",2020,4,0.0209,0.0295,0.0293,0.0634,64073,1561.7,8.57,0.0825,5.2,8.69,2.17,5.21,0.921
"San Antonio, TX",2021,1,0.0144,0.0016,0.0451,0.0644,62795,1269.19,11.42,0.0396,4.75,6.18,4.91,5.8,0.574
"San Antonio, TX",2021,2,0.0066,0.0355,0.0684,0.1031,62130,1467.28,5.98,0.0679,8.48,3.96,4.97,5.93,0.407
"San Antonio, TX",2021,3,0.0036,0.0022,0.0601,0.0541,68690,1592.34,13.55,0.0503,5.1,5.18,6.47,7.51,0.582
"San Antonio, TX",2021,4,0.0055,0.0031,0.0435,0.0475,64233,1294.1,6.01,0.0527,8.04,3.99,7.62,5.25,0.768
"San Antonio, TX",2022,1,0.0199,0.0402,0.0576,0.1056,66718,1527.6,4.47,0.0366,7.32,8.18,5.69,8.68,0.554
"San Antonio, TX",2022,2,0.0122,0.0442,0.0798,0.0813,68143,1646.0,2.92,0.0417,5.63,8.01,2.49,6.94,0.68
"San Antonio, TX",2022,3,0.0019,-0.0029,0.0156,0.053,66081,1258.41,13.31,0.0835,5.06,5.51,2.33,6.6,0.291
"San Antonio, TX",2022,4,0.0017,-0.0029,0.0656,0.0957,62755,1326.79,10.18,0.0489,7.27,6.25,2.16,8.8,0.327
"San Antonio, TX",2023,1,0.0289,0.0317,0.021,0.0867,69647,1604.57,5.3,0.0539,6.9,8.42,6.63,5.31,0.756
"San Antonio, TX",2023,2,0.0306,0.0231,0.0794,0.062,67539,1326.18,8.34,0.0845,5.45,5.63,6.22,7.81,0.425
"San Antonio, TX",2023,3,0.0263,0.0109,0.0751,0.0445,66144,1285.98,5.81,0.0585,8.38,6.65,7.37,8.59,0.88
"San Antonio, TX",2023,4,0.0038,-0.0097,0.0159,0.092,66759,1553.91,11.22,0.0492,5.95,5.16,4.59,4.55,0.884
"San Antonio, TX",2024,1,-0.0094,0.0372,0.009,0.053,63410,1669.67,4.45,0.0499,8.49,5.07,7.79,8.67,0.653
"San Antonio, TX",2024,2,0.0163,-0.0001,0.0742,0.1056,66397,1695.04,11.1,0.0785,5.18,7.95,4.63,6.02,0.659
"San Antonio, TX",2024,3,0.0106,-0.0087,0.0753,0.1028,63464,1191.89,7.44,0.0583,5.84,4.42,7.41,4.39,0.72
"San Antonio, TX",2024,4,0.0101,0.04,0.0385,0.0589,66043,1306.47,10.61,0.038,8.29,6.28,4.67,5.31,0.678
"San Antonio, TX",2025,1,0.0301,0.0149,-0.0082,0.0495,61880,1789.9,9.99,0.0514,5.77,7.58,2.86,8.43,0.493
"San Antonio, TX",2025,2,-0.0041,0.0108,0.0516,0.0655,61521,1297.43,2.45,0.0799,7.17,3.76,6.43,7.43,0.793
"San Antonio, TX",2025,3,0.0266,0.0409,-0.0134,0.1046,69971,1407.78,9.56,0.0306,4.32,4.34,6.97,4.87,0.209
"San Antonio, TX",2025,4,0.0039,0.0042,0.0496,0.1059,61899,1249.41,8.85,0.0409,6.84,7.85,6.46,5.07,0.438
"San Antonio, TX",2026,1,0.0263,0.0266,0.0319,0.0473,63458,1195.15,3.58,0.0635,5.81,4.35,6.5,4.86,0.713
"San Antonio, TX",2026,2,0.017,-0.0038,0.0563,0.0992,67101,1674.26,2.66,0.0493,7.03,8.05,6.99,7.35,0.873
"San Antonio, TX",2026,3,-0.0033,-0.006,0.0528,0.0961,64580,1317.81,12.62,0.0624,5.0,5.08,6.95,7.39,0.804
"San Antonio, TX",2026,4,0.0252,-0.0017,0.0172,0.0447,62893,1443.43,7.59,0.0834,6.36,4.0,2.28,8.78,0.139
"Raleigh, NC",2016,1,0.0075,0.0149,0.0808,0.0923,61058,1591.63,5.95,0.0336,6.46,4.36,2.58,7.16,0.909
"Raleigh, NC",2016,2,0.0341,-0.0017,0.0811,0.0858,60779,1486.25,10.18,0.0829,6.47,7.87,5.66,8.52,0.748
"Raleigh, NC",2016,3,0.014,0.0005,0.0223,0.05,62086,1372.01,2.7,0.04,8.66,4.69,6.01,4.75,0.909
"Raleigh, NC",2016,4,0.0314,0.0155,0.0466,0.0916,60305,1281.24,5.5,0.0845,8.15,6.61,6.16,7.26,0.683
"Raleigh, NC",2017,1,0.0287,-0.0043,0.0806,0.0654,63313,1332.47,3.74,0.0654,8.34,4.83,7.2,7.87,0.507
"Raleigh, NC",2017,2,0.0259,-0.011,0.048,0.0749,65840,1268.89,4.59,0.0752,4.23,7.18,3.33,6.74,0.359
"Raleigh, NC",2017,3,-0.0045,0.0187,-0.0044,0.1016,64096,1148.43,3.27,0.0657,6.54,5.08,4.32,6.8,0.712
"Raleigh, NC",2017,4,0.0196,0.0082,0.013,0.0558,63706,1392.22,5.14,0.0604,7.88,8.65,5.83,5.8,0.464
"Raleigh, NC",2018,1,0.0224,-0.0107,0.0395,0.1039,64799,1311.49,4.53,0.0605,7.28,6.67,4.18,8.83,0.602
"Raleigh, NC",2018,2,0.0103,0.0148,0.0645,0.0395,60029,1589.52,1.24,0.0376,8.69,7.17,2.41,8.25,0.522
"Raleigh, NC",2018,3,-0.0039,0.0247,-0.0043,0.0405,61774,1226.83,10.77,0.0525,8.55,5.72,5.09,7.17,0.445
"Raleigh, NC",2018,4,0.0155,0.0164,0.0026,0.0474,65710,1400.91,4.01,0.0735,8.73,4.52,4.54,5.91,0.75
"Raleigh, NC",2019,1,0.0107,0.0053,0.0406,0.0748,66707,1479.93,6.46,0.0415,7.13,4.64,5.66,6.8,0.878
"Raleigh, NC",2019,2,0.0212,-0.0028,0.0433,0.0822,62841,1335.61,3.45,0.0824,7.29,7.82,5.69,4.89,0.206
"Raleigh, NC",2019,3,-0.0079,-0.0077,-0.0127,0.0982,65750,1572.14,11.5,0.0435,5.5,7.02,6.64,5.39,0.106
"Raleigh, NC",2019,4,-0.0078,-0.0066,0.0817,0.0698,66708,1289.76,9.65,0.0528,6.04,6.65,5.44,8.52,0.852
"Raleigh, NC",2020,1,-0.006,0.034,0.0205,0.0611,58336,1521.52,4.34,0.0468,4.31,4.84,3.83,5.08,0.269
"Raleigh, NC",2020,2,0.0165,0.0082,0.0086,0.067,65391,1217.6,6.74,0.0343,7.12,7.08,2.8,7.41,0.289
"Raleigh, NC",2020,3,-0.0007,0.0267,0.0423,0.0889,63513,1213.24,2.43,0.0582,6.33,7.21,4.47,5.15,0.167
"Raleigh, NC",2020,4,0.0041,0.0024,0.0351,0.0987,63278,1611.86,8.95,0.0479,5.5,7.12,3.44,8.76,0.741
"Raleigh, NC",2021,1,0.0294,0.0415,0.0107,0.0516,58978,1532.62,11.29,0.0454,4.76,6.63,5.5,5.2,0.616
"Raleigh, NC",2021,2,0.0275,0.0417,0.0071,0.0784,62200,1277.05,12.4,0.043,6.62,7.22,5.81,6.75,0.224
"Raleigh, NC",2021,3,-0.0079,0.0047,0.0241,0.0804,61363,1392.76,13.85,0.0661,6.65,7.74,5.03,8.2,0.329
"Raleigh, NC",2021,4,0.0012,-0.0088,-0.0192,0.1021,59897,1449.41,1.8,0.0379,8.16,7.69,4.78,5.48,0.824
"Raleigh, NC",2022,1,0.0056,0.0022,0.0545,0.066,59944,1308.15,12.17,0.0352,5.32,3.74,3.61,6.12,0.359
"Raleigh, NC",2022,2,0.0318,-0.0061,0.0441,0.0775,60100,1601.29,12.66,0.0779,4.69,7.78,3.18,8.23,0.383
"Raleigh, NC",2022,3,0.0077,0.0064,0.0542,0.0644,63310,1304.58,9.16,0.0759,8.63,6.55,4.5,7.95,0.884
"Raleigh, NC",2022,4,0.0174,0.0417,0.0074,0.062,62032,1285.04,10.04,0.0506,5.22,3.9,7.42,6.7,0.141
"Raleigh, NC",2023,1,-0.0008,0.0384,0.0,0.0656,60006,1667.5,1.44,0.0422,5.63,5.11,3.54,5.02,0.192
"Raleigh, NC",2023,2,0.0036,0.0248,0.055,0.0662,64275,1552.16,11.16,0.0588,4.33,6.54,7.23,8.65,0.367
"Raleigh, NC",2023,3,0.0219,-0.0065,0.0703,0.0636,58604,1456.38,2.99,0.0739,4.61,7.14,4.83,8.36,0.155
"Raleigh, NC",2023,4,0.0019,0.0446,0.0117,0.0981,61524,1140.42,7.98,0.0731,5.89,3.76,2.94,6.74,0.903
"Raleigh, NC",2024,1,0.009,0.0053,0.0271,0.0603,60395,1630.94,3.59,0.0356,8.77,6.93,3.36,4.67,0.214
"Raleigh, NC",2024,2,0.0081,0.0445,0.0026,0.1008,61378,1243.67,3.56,0.0513,6.23,7.54,2.71,8.41,0.766
"Raleigh, NC",2024,3,0.0064,0.0339,0.0259,0.067,63474,1572.93,10.76,0.046,8.33,3.81,3.61,5.81,0.148
"Raleigh, NC",2024,4,0.0324,-0.0046,0.0042,0.0786,65772,1569.12,3.22,0.0297,5.45,8.55,6.6,4.23,0.559
"Raleigh, NC",2025,1,0.0106,0.0418,0.064,0.0957,58051,1585.74,2.18,0.0689,8.61,7.14,2.77,4.26,0.417
"Raleigh, NC",2025,2,0.0098,0.0377,0.0234,0.0973,66736,1503.39,7.01,0.0722,4.67,8.55,5.72,7.39,0.373
"Raleigh, NC",2025,3,0.0017,-0.0086,0.0626,0.0801,62103,1624.99,1.65,0.0485,6.69,6.45,7.34,4.76,0.676
"Raleigh, NC",2025,4,0.0183,0.0054,0.0716,0.0398,58440,1198.96,11.43,0.0613,7.37,5.62,6.4,5.38,0.317
"Raleigh, NC",2026,1,0.0128,0.0294,0.0795,0.0714,65178,1483.28,8.45,0.0816,7.85,4.05,2.49,8.8,0.201
"Raleigh, NC",2026,2,0.0106,0.0158,0.0047,0.061,64597,1520.15,11.5,0.0703,4.43,8.54,7.66,4.36,0.827
"Raleigh, NC",2026,3,0.0288,0.0141,0.0528,0.0948,60257,1667.35,5.58,0.0615,7.05,4.89,4.06,6.93,0.725
"Raleigh, NC",2026,4,0.0304,-0.0084,-0.0093,0.0482,64136,1650.94,10.73,0.0422,6.76,4.5,2.12,8.2,0.227
"Cleveland, OH",2016,1,0.0069,0.0076,0.0137,0.0958,59170,1343.23,12.05,0.039,5.1,7.55,6.02,8.0,0.272
"Cleveland, OH",2016,2,0.003,0.0031,0.0721,0.0975,61400,1184.57,7.49,0.0622,8.44,3.56,4.69,7.94,0.109
"Cleveland, OH",2016,3,0.0068,0.026,0.0604,0.0863,58035,1055.28,3.46,0.0669,6.49,6.93,7.24,5.95,0.639
"Cleveland, OH",2016,4,-0.0006,0.0419,0.0428,0.0587,55934,1144.93,6.88,0.0564,5.67,4.44,7.29,6.78,0.115
"Cleveland, OH",2017,1,-0.0064,0.009,0.037,0.0456,53359,1350.71,9.5,0.0606,8.47,4.33,3.66,4.35,0.885
"Cleveland, OH",2017,2,0.033,0.0311,0.0029,0.0464,59494,1191.78,4.02,0.0419,7.27,7.97,5.75,4.84,0.629
"Cleveland, OH",2017,3,0.0033,0.0308,-0.0011,0.0674,57150,1057.85,9.11,0.0295,7.28,5.37,3.13,7.55,0.29
"Cleveland, OH",2017,4,0.0142,0.0361,-0.0154,0.078,56581,1487.6,10.16,0.037,7.97,3.96,6.93,4.46,0.805
"Cleveland, OH",2018,1,0.0252,0.0073,0.0111,0.0847,59006,1505.2,8.0,0.0776,6.7,6.45,7.75,5.46,0.107
"Cleveland, OH",2018,2,0.0244,-0.0084,0.0143,0.0767,57971,1048.14,13.85,0.0708,8.05,7.21,2.25,5.9,0.585
"Cleveland, OH",2018,3,0.0126,0.0409,0.0264,0.0743,58043,1151.23,7.77,0.0722,8.61,7.01,3.63,8.26,0.737
"Cleveland, OH",2018,4,0.0249,-0.0079,0.0257,0.0447,55857,1179.84,2.45,0.036,8.48,7.95,3.04,4.95,0.115
"Cleveland, OH",2019,1,0.0211,-0.0123,-0.0029,0.054,54751,1135.94,4.66,0.0557,6.55,8.34,6.48,7.43,0.195
"Cleveland, OH",2019,2,0.0112,0.0219,-0.0039,0.092,57453,1341.59,8.48,0.058,7.2,6.33,3.16,7.6,0.117
"Cleveland, OH",2019,3,-0.0001,0.0109,0.023,0.0903,52938,1428.57,1.81,0.0478,5.1,4.39,3.95,6.67,0.26
"Cleveland, OH",2019,4,-0.0057,0.0043,-0.0151,0.0957,61578,1165.42,12.69,0.0593,4.21,5.45,6.0,8.53,0.816
"Cleveland, OH",2020,1,0.0177,0.0246,0.0393,0.0809,59426,1048.78,7.94,0.0526,7.98,7.66,7.41,8.2,0.251
"Cleveland, OH",2020,2,0.015,0.0384,0.0726,0.0726,56243,1510.47,3.79,0.0556,8.34,3.96,3.95,4.56,0.636
"Cleveland, OH",2020,3,0.0144,0.0337,0.0669,0.0652,54620,1236.05,4.22,0.0595,8.64,4.1,7.64,4.93,0.664
"Cleveland, OH",2020,4,0.0256,-0.0029,0.0037,0.0807,61760,1070.67,12.04,0.0697,5.23,8.44,4.67,6.94,0.828
"Cleveland, OH",2021,1,0.0138,0.0045,0.0785,0.0902,59556,1403.74,13.38,0.0555,5.97,7.08,4.45,7.08,0.415
"Cleveland, OH",2021,2,0.0162,-0.0146,0.0744,0.0754,57268,1071.39,4.22,0.0323,4.79,6.84,7.55,4.57,0.88
"Cleveland, OH",2021,3,0.0213,0.0061,0.0423,0.0785,56950,1311.18,8.03,0.045,7.24,4.48,5.92,8.85,0.799
"Cleveland, OH",2021,4,-0.0032,0.0084,0.0187,0.1065,59203,1236.94,10.93,0.0629,5.83,8.06,2.8,6.2,0.362
"Cleveland, OH",2022,1,0.0128,0.0189,0.08,0.0608,57374,1139.58,9.73,0.0638,4.24,5.94,3.73,4.67,0.832
"Cleveland, OH",2022,2,-0.009,0.0011,0.0299,0.0924,57893,1244.01,1.82,0.053,7.05,6.16,5.26,6.71,0.606
"Cleveland, OH",2022,3,0.0038,0.0258,0.0068,0.0614,57560,1358.03,6.27,0.0323,6.54,7.92,6.65,8.15,0.196
"Cleveland, OH",2022,4,0.0108,0.0023,0.0281,0.1058,59435,1205.98,10.53,0.0586,6.65,8.98,3.7,6.86,0.124
"Cleveland, OH",2023,1,0.0031,-0.0144,0.0435,0.0847,59367,1300.94,12.39,0.0466,4.99,8.1,7.72,4.8,0.219
"Cleveland, OH",2023,2,0.0106,0.0088,0.0104,0.0801,61822,1049.65,3.33,0.0585,5.36,6.36,6.47,4.0,0.846
"Cleveland, OH",2023,3,0.0158,-0.0036,0.0499,0.0381,61765,1283.05,8.16,0.0633,7.59,4.94,6.96,8.87,0.57
"Cleveland, OH",2023,4,0.0087,0.0369,-0.0185,0.1044,58975,1263.44,12.9,0.0307,5.18,7.24,6.18,7.72,0.443
"Cleveland, OH",2024,1,0.0166,0.0372,0.0426,0.0834,58760,1025.32,6.04,0.0335,5.4,6.61,6.79,8.8,0.665
"Cleveland, OH",2024,2,0.0304,0.0027,0.0271,0.0389,53223,1437.46,9.5,0.0583,4.95,8.33,6.66,4.15,0.636
"Cleveland, OH",2024,3,-0.0008,0.0073,0.0522,0.0386,57747,1166.1,4.94,0.0832,4.81,6.77,2.25,6.37,0.665
"Cleveland, OH",2024,4,0.033,0.0185,0.0776,0.0964,57833,1223.08,13.22,0.0495,7.82,4.19,3.88,5.69,0.608
"Cleveland, OH",2025,1,0.0293,-0.0068,0.0779,0.0926,55866,1117.81,2.62,0.0285,5.29,8.63,5.76,5.44,0.774
"Cleveland, OH",2025,2,0.0016,0.0034,0.0746,0.0578,58239,1175.62,5.84,0.0407,6.21,4.44,6.92,8.01,0.554
"Cleveland, OH",2025,3,0.0041,0.0143,-0.0114,0.0453,58600,1200.24,3.84,0.0375,8.01,8.45,2.33,7.63,0.435
"Cleveland, OH",2025,4,0.0196,0.0418,0.0777,0.0401,60642,1413.06,4.08,0.0724,4.86,8.83,4.87,6.09,0.33
"Cleveland, OH",2026,1,0.0189,0.0289,0.0448,0.0767,58167,1410.42,8.2,0.0377,6.89,5.18,5.95,5.7,0.706
"Cleveland, OH",2026,2,0.0041,0.0094,0.0826,0.0596,54280,1219.76,6.83,0.0311,8.41,6.41,5.69,5.78,0.609
"Cleveland, OH",2026,3,0.0016,0.0122,0.0083,0.0523,56423,1218.59,5.64,0.036,6.22,6.41,6.31,7.59,0.195
"Cleveland, OH",2026,4,0.0255,0.0127,0.0174,0.0575,60431,1462.17,3.59,0.0445,8.35,4.62,3.93,6.39,0.554
"Phoenix, AZ",2016,1,-0.0012,0.0168,0.0242,0.1005,63358,1189.97,4.12,0.0647,8.42,8.89,4.48,4.18,0.503
"Phoenix, AZ",2016,2,0.0141,-0.0045,0.0759,0.0401,67927,1644.04,8.06,0.0392,5.51,6.55,3.07,7.35,0.366
"Phoenix, AZ",2016,3,-0.0045,0.0265,0.0229,0.0974,65429,1280.11,10.48,0.0555,7.91,6.32,2.59,6.77,0.191
"Phoenix, AZ",2016,4,0.0091,0.0137,0.0107,0.1002,67916,1457.7,6.76,0.0496,4.95,7.95,5.42,4.32,0.364
"Phoenix, AZ",2017,1,-0.0006,0.0088,0.0417,0.0782,67110,1703.01,4.41,0.0796,4.44,6.73,5.4,4.14,0.131
"Phoenix, AZ",2017,2,-0.0078,0.0207,0.0157,0.0521,63898,1157.64,11.82,0.067,5.77,4.02,2.49,6.91,0.664
"Phoenix, AZ",2017,3,0.0031,0.0022,0.0483,0.0642,68496,1607.58,11.09,0.045,7.65,8.46,5.89,7.55,0.595
"Phoenix, AZ",2017,4,0.0097,0.0187,0.0721,0.0968,65448,1703.75,9.26,0.0605,7.67,4.2,5.01,4.54,0.603
"Phoenix, AZ",2018,1,-0.0019,-0.0107,0.0582,0.0697,61277,1484.13,11.66,0.0451,6.69,7.02,7.26,6.21,0.17
"Phoenix, AZ",2018,2,-0.0094,0.0047,0.041,0.0574,65450,1751.08,11.54,0.073,7.86,4.63,4.88,8.28,0.545
"Phoenix, AZ",2018,3,0.0076,0.0164,-0.0113,0.0895,63504,1546.31,7.87,0.0475,6.2,6.45,6.5,6.83,0.618
"Phoenix, AZ",2018,4,0.0344,0.0351,-0.0116,0.1059,60251,1357.59,12.54,0.0293,7.86,7.11,7.03,8.13,0.587
"Phoenix, AZ",2019,1,0.0281,0.035,0.0268,0.0783,62486,1378.77,8.28,0.0522,6.15,4.64,6.77,5.83,0.634
"Phoenix, AZ",2019,2,0.0196,0.0297,0.0365,0.0366,60259,1598.69,10.99,0.0661,5.1,7.2,2.12,7.65,0.204
"Phoenix, AZ",2019,3,0.0009,0.0201,-0.0189,0.1069,67836,1480.27,5.0,0.0648,5.65,4.17,6.2,4.21,0.15
"Phoenix, AZ",2019,4,0.0139,0.0346,0.0637,0.0992,60764,1595.73,4.68,0.0315,4.82,4.67,4.67,5.96,0.87
"Phoenix, AZ",2020,1,0.032,0.0327,0.0357,0.0504,62356,1620.97,12.9,0.0325,7.37,6.3,5.48,6.78,0.278
"Phoenix, AZ",2020,2,0.0009,0.0221,0.054,0.082,67113,1487.72,2.17,0.0641,5.54,7.16,2.5,5.64,0.428
"Phoenix, AZ",2020,3,0.0069,0.0201,0.0397,0.0618,61960,1641.2,2.32,0.0445,6.01,7.23,2.25,4.66,0.532
"Phoenix, AZ",2020,4,0.0008,0.0142,0.028,0.0991,66976,1487.82,13.96,0.0651,6.09,5.39,3.45,4.87,0.17
"Phoenix, AZ",2021,1,0.0263,0.0004,0.0658,0.0862,61782,1194.91,9.1,0.0677,8.61,5.28,7.17,5.64,0.841
"Phoenix, AZ",2021,2,0.0186,0.003,0.067,0.0382,62103,1380.58,1.49,0.0661,6.72,4.24,7.68,4.04,0.221
"Phoenix, AZ",2021,3,0.0089,0.0103,0.078,0.0732,64311,1211.12,9.79,0.0538,6.63,6.68,5.43,7.89,0.888
"Phoenix, AZ",2021,4,0.0159,0.0195,-0.0153,0.0721,60123,1309.77,8.41,0.0379,6.67,8.22,7.44,6.49,0.75
"Phoenix, AZ",2022,1,0.0292,0.0303,0.0168,0.0992,65449,1295.39,7.99,0.0789,4.82,6.2,4.63,8.35,0.118
"Phoenix, AZ",2022,2,0.0336,0.0334,0.0808,0.1089,66352,1640.56,11.91,0.0748,7.77,7.71,2.2,5.49,0.277
"Phoenix, AZ",2022,3,0.0127,0.0164,-0.0132,0.072,67326,1490.12,9.47,0.0485,6.56,7.53,3.24,5.39,0.504
"Phoenix, AZ",2022,4,-0.0094,0.0001,0.0044,0.0356,61911,1154.82,13.25,0.0479,6.56,7.0,4.43,4.11,0.563
"Phoenix, AZ",2023,1,0.0078,0.0059,0.0627,0.1077,61176,1725.02,9.52,0.0377,8.2,8.42,5.55,7.55,0.403
"Phoenix, AZ",2023,2,0.0108,-0.0146,0.0596,0.04,68170,1182.43,9.96,0.0758,5.45,6.61,2.93,5.82,0.764
"Phoenix, AZ",2023,3,0.0278,0.0236,-0.0138,0.0712,61683,1532.5,13.41,0.0806,4.86,5.02,7.52,4.14,0.721
"Phoenix, AZ",2023,4,0.0151,-0.0059,0.0209,0.0542,66731,1730.95,3.66,0.0381,4.56,6.23,3.73,4.71,0.346
"Phoenix, AZ",2024,1,0.0019,0.0384,0.0478,0.051,61832,1409.31,7.94,0.0634,4.36,5.18,5.05,4.49,0.424
"Phoenix, AZ",2024,2,-0.0077,-0.0143,0.0373,0.0686,60983,1555.45,13.15,0.0366,4.36,6.77,6.52,5.16,0.859
"Phoenix, AZ",2024,3,0.0086,-0.0069,0.04,0.0497,60575,1746.67,1.13,0.0545,6.98,3.67,2.56,5.19,0.384
"Phoenix, AZ",2024,4,0.0259,0.0429,-0.0173,0.0696,61530,1532.01,3.46,0.0724,7.21,4.44,2.54,5.0,0.791
"Phoenix, AZ",2025,1,0.0155,0.0296,0.0296,0.0407,62400,1390.93,3.41,0.0294,7.99,5.24,7.35,7.79,0.732
"Phoenix, AZ",2025,2,0.0257,0.0449,-0.0083,0.0475,61185,1652.39,7.16,0.0284,5.38,4.85,2.31,8.79,0.801
"Phoenix, AZ",2025,3,0.0242,0.0026,0.0626,0.1027,62427,1261.94,2.21,0.0506,4.86,4.5,7.29,5.32,0.17
"Phoenix, AZ",2025,4,0.0329,0.0398,0.0498,0.0363,67373,1316.95,11.37,0.055,5.03,6.89,3.21,4.89,0.645
"Phoenix, AZ",2026,1,0.0059,-0.0093,0.0769,0.0703,67693,1196.39,8.83,0.0451,6.76,8.84,5.93,5.32,0.393
"Phoenix, AZ",2026,2,0.0211,0.0201,0.0168,0.0637,61806,1229.24,8.47,0.0343,8.59,6.45,7.35,4.45,0.785
"Phoenix, AZ",2026,3,0.0143,0.0093,0.0595,0.0564,68844,1526.58,12.5,0.0426,6.76,7.85,7.27,6.52,0.458
"Phoenix, AZ",2026,4,-0.0004,0.0078,-0.0138,0.0357,65176,1475.82,6.93,0.0293,7.65,5.91,5.81,8.78,0.93
"Tampa, FL",2016,1,0.0157,0.0144,0.0451,0.0775,57605,1058.91,1.57,0.051,7.59,7.7,7.41,7.77,0.901
"Tampa, FL",2016,2,-0.0009,0.0215,0.0567,0.0446,58019,1120.51,13.74,0.0439,5.44,5.9,4.6,8.66,0.529
"Tampa, FL",2016,3,-0.0047,0.0194,0.0354,0.0589,55103,1249.8,10.29,0.0286,4.5,4.42,6.31,6.41,0.898
"Tampa, FL",2016,4,-0.0033,-0.0141,0.0748,0.0351,56246,1126.44,1.03,0.0292,6.72,5.57,6.6,7.64,0.945
"Tampa, FL",2017,1,0.0104,0.0206,0.0443,0.0353,54152,1299.12,2.58,0.0348,7.87,3.63,7.54,8.17,0.427
"Tampa, FL",2017,2,0.0239,0.0227,0.0661,0.0454,60161,1284.44,10.65,0.0612,6.65,7.75,6.22,7.63,0.625
"Tampa, FL",2017,3,0.0075,0.0175,0.057,0.0575,54024,1557.3,13.26,0.0774,6.72,6.14,3.5,5.2,0.143
"Tampa, FL",2017,4,0.0315,0.034,0.0821,0.0736,56758,1389.18,6.65,0.0787,7.53,4.84,4.58,8.55,0.545
"Tampa, FL",2018,1,-0.0062,-0.0095,0.0434,0.0834,58080,1394.7,7.52,0.0713,8.63,5.2,7.64,4.93,0.321
"Tampa, FL",2018,2,0.0282,-0.0143,0.0181,0.0593,59442,1143.57,6.34,0.0534,5.93,6.66,5.46,5.39,0.857
"Tampa, FL",2018,3,0.0023,0.0093,0.0264,0.0887,54938,1064.29,4.47,0.0647,4.27,4.27,6.47,8.46,0.685
"Tampa, FL",2018,4,-0.0032,-0.0067,0.0034,0.0685,57412,1520.58,13.59,0.0365,8.3,4.27,5.08,6.45,0.16
"Tampa, FL",2019,1,0.0018,0.0045,-0.0057,0.0521,55834,1515.23,6.35,0.0371,8.48,5.39,4.64,4.04,0.174
"Tampa, FL",2019,2,0.0179,0.0445,0.0388,0.0455,54434,1398.52,8.14,0.0671,8.52,6.96,6.56,8.78,0.394
"Tampa, FL",2019,3,-0.0092,0.0249,0.0737,0.0436,60290,1029.09,8.82,0.0405,5.42,5.75,2.31,4.63,0.306
"Tampa, FL",2019,4,-0.0036,-0.0098,-0.0106,0.1009,55963,1512.27,13.79,0.0352,7.58,8.59,4.48,5.72,0.206
"Tampa, FL",2020,1,0.0195,0.0009,0.0359,0.0631,59713,1286.25,6.66,0.0465,8.6,7.75,6.24,8.77,0.32
"Tampa, FL",2020,2,0.0072,-0.0122,0.0719,0.0841,59883,1504.8,6.45,0.0405,7.12,5.61,7.61,4.52,0.175
"Tampa, FL",2020,3,0.0006,0.007,0.0555,0.0949,57742,1554.02,7.39,0.0365,5.28,6.57,4.45,6.41,0.448
"Tampa, FL",2020,4,-0.0024,0.0414,0.0595,0.0912,60195,1081.24,9.69,0.0384,6.28,3.52,4.27,6.05,0.788
"Tampa, FL",2021,1,0.0321,0.0409,0.0622,0.1065,57200,1483.88,13.79,0.0825,7.06,5.93,7.79,8.18,0.476
"Tampa, FL",2021,2,0.0285,0.0012,0.0455,0.0705,55293,1469.5,8.52,0.0644,5.86,3.7,7.65,4.53,0.534
"Tampa, FL",2021,3,0.0125,0.014,0.0116,0.0459,57132,1141.43,11.55,0.0455,5.61,5.81,6.29,5.85,0.23
"Tampa, FL",2021,4,-0.005,-0.0098,0.063,0.0675,58515,1151.07,3.13,0.0426,7.81,3.59,4.32,7.39,0.781
"Tampa, FL",2022,1,0.0189,-0.0097,-0.007,0.0853,55882,1349.54,8.11,0.0326,4.88,4.87,6.97,6.1,0.361
"Tampa, FL",2022,2,0.0052,0.0202,0.0102,0.1006,55606,1288.97,10.41,0.0581,5.48,7.91,5.11,8.87,0.444
"Tampa, FL",2022,3,0.029,-0.0139,0.0689,0.0962,55655,1559.49,2.18,0.0745,5.91,4.58,6.35,4.4,0.717
"Tampa, FL",2022,4,0.0011,-0.0132,0.0544,0.0388,61326,1348.9,6.51,0.075,5.3,4.28,6.14,7.15,0.529
"Tampa, FL",2023,1,-0.0076,-0.0115,-0.0029,0.11,59997,1122.86,8.16,0.0618,6.98,8.77,2.47,7.96,0.128
"Tampa, FL",2023,2,-0.0094,0.0029,0.0784,0.096,60810,1144.41,10.72,0.0616,6.35,7.09,4.41,7.83,0.189
"Tampa, FL",2023,3,0.0184,0.0083,0.0774,0.092,53512,1530.22,10.38,0.0427,6.88,5.07,7.67,6.29,0.545
"Tampa, FL",2023,4,0.029,0.0403,0.046,0.0408,58260,1540.31,3.9,0.0582,7.45,3.62,7.35,6.73,0.675
"Tampa, FL",2024,1,0.0277,0.0164,-0.0196,0.0453,53599,1269.82,10.3,0.0547,8.55,4.08,2.16,7.38,0.194
"Tampa, FL",2024,2,0.0177,0.0436,-0.0038,0.102,58972,1385.07,4.27,0.056,4.75,4.59,3.97,5.11,0.48
"Tampa, FL",2024,3,0.0089,0.0368,0.0745,0.0355,61640,1452.07,1.19,0.0692,6.73,7.81,4.7,8.75,0.127
"Tampa, FL",2024,4,-0.0024,0.0004,0.0712,0.0496,56172,1435.38,12.39,0.0829,4.95,8.03,4.27,4.19,0.944
"Tampa, FL",2025,1,0.0171,0.0308,0.0379,0.0985,60413,1154.83,1.26,0.0736,7.34,5.46,4.53,7.38,0.309
"Tampa, FL",2025,2,0.0282,0.0399,0.0183,0.0911,55005,1495.77,2.16,0.0311,4.73,5.74,3.73,4.71,0.162
"Tampa, FL",2025,3,0.0116,-0.0144,0.0008,0.0385,61241,1530.83,10.97,0.0789,4.92,8.17,6.08,7.4,0.627
"Tampa, FL",2025,4,0.029,0.0197,0.0103,0.0991,56288,1289.36,1.31,0.0452,4.69,5.84,6.69,4.37,0.113
"Tampa, FL",2026,1,0.0286,-0.0122,-0.0094,0.1034,58653,1219.65,10.93,0.0687,8.75,7.34,4.34,7.89,0.296
"Tampa, FL",2026,2,0.029,0.0219,0.0146,0.0582,52729,1061.65,5.24,0.0748,8.25,5.02,4.89,5.27,0.945
"Tampa, FL",2026,3,0.0121,0.0342,0.0414,0.0668,57921,1540.84,7.14,0.0595,5.68,7.71,7.01,4.67,0.755
"Tampa, FL",2026,4,0.0308,0.0395,0.0146,0.0424,58774,1140.83,10.95,0.0564,4.65,5.49,2.9,8.19,0.644
"Kansas City, MO",2016,1,0.0108,-0.0014,0.0203,0.0465,91856,2285.44,10.86,0.076,5.9,5.04,6.48,6.3,0.131
"Kansas City, MO",2016,2,-0.0071,-0.0089,0.0284,0.0396,86734,2035.33,5.7,0.0739,7.67,6.14,7.77,7.69,0.509
"Kansas City, MO",2016,3,0.0225,-0.002,0.0311,0.058,84988,1798.28,11.09,0.0787,5.56,3.9,3.75,8.15,0.7
"Kansas City, MO",2016,4,0.0202,0.008,-0.003,0.048,91189,1825.57,9.91,0.051,4.88,5.98,5.22,8.09,0.947
"Kansas City, MO",2017,1,0.0102,0.0107,-0.0057,0.0684,88116,2377.55,2.87,0.0819,8.15,7.39,7.47,5.02,0.566
"Kansas City, MO",2017,2,0.0314,0.0136,0.0526,0.0619,93394,1708.53,6.61,0.0567,6.39,3.79,7.2,7.4,0.778
"Kansas City, MO",2017,3,0.0133,0.0412,0.0843,0.0793,85669,1803.06,10.02,0.0725,7.78,4.93,4.01,4.12,0.546
"Kansas City, MO",2017,4,0.0275,0.0313,0.0298,0.0783,90090,2246.56,8.75,0.0536,8.58,7.77,3.82,7.34,0.727
"Kansas City, MO",2018,1,0.0085,-0.0115,0.0297,0.0797,90281,2003.35,5.48,0.0371,8.11,6.73,7.0,5.18,0.764
"Kansas City, MO",2018,2,0.0017,0.0357,0.0301,0.0995,86860,2253.0,6.92,0.0398,4.47,4.47,7.47,4.72,0.188
"Kansas City, MO",2018,3,0.0243,0.0352,0.0672,0.0838,86704,2026.66,13.59,0.0341,4.96,7.79,2.91,8.33,0.416
"Kansas City, MO",2018,4,0.003,0.0352,0.0224,0.0765,87606,1627.41,13.22,0.0756,8.59,3.54,5.39,7.95,0.259
"Kansas City, MO",2019,1,0.0304,0.0298,0.0845,0.1088,84954,2292.37,2.24,0.0838,5.42,7.23,3.56,8.06,0.151
"Kansas City, MO",2019,2,0.0146,0.0371,0.0273,0.1013,88266,2261.63,11.48,0.0326,8.45,5.95,6.52,8.35,0.682
"Kansas City, MO",2019,3,0.0324,0.0025,0.0008,0.0489,87734,2327.62,4.3,0.0439,6.86,8.19,7.01,6.16,0.579
"Kansas City, MO",2019,4,0.0252,0.011,0.0054,0.0766,85259,2070.13,10.64,0.0711,5.7,3.83,7.11,7.02,0.621
"Kansas City, MO",2020,1,0.0344,0.0045,0.0534,0.0514,86811,2126.63,7.01,0.037,7.69,4.49,6.99,4.78,0.587
"Kansas City, MO",2020,2,0.027,-0.0017,0.0485,0.0574,91759,2272.91,1.77,0.0753,7.51,5.99,5.75,8.04,0.486
"Kansas City, MO",2020,3,-0.0025,0.0237,0.0174,0.0504,90848,2025.92,1.3,0.0692,6.53,6.5,3.75,4.01,0.736
"Kansas City, MO",2020,4,0.0347,0.0302,0.0689,0.0366,84894,1638.06,9.65,0.0806,6.8,8.13,3.0,4.23,0.258
"Kansas City, MO",2021,1,-0.0065,0.0073,0.0667,0.0574,85260,2309.06,4.63,0.0589,8.4,6.72,3.01,4.77,0.914
"Kansas City, MO",2021,2,0.0011,-0.0046,0.0805,0.0534,87249,1657.81,11.52,0.0796,7.9,5.39,7.65,4.56,0.852
"Kansas City, MO",2021,3,0.0002,0.0053,0.0145,0.0888,88430,2381.99,12.12,0.0611,7.94,7.95,3.65,7.84,0.63
"Kansas City, MO",2021,4,0.024,-0.0003,0.0719,0.0571,87401,1813.99,8.7,0.0355,7.93,3.65,5.27,7.63,0.95
"Kansas City, MO",2022,1,0.0004,-0.0074,0.0814,0.0552,87376,1834.87,12.44,0.0313,7.79,7.63,4.28,8.45,0.62
"Kansas City, MO",2022,2,0.0177,0.0421,-0.0076,0.0532,87972,2032.17,1.98,0.0542,6.9,5.03,2.38,4.07,0.255
"Kansas City, MO",2022,3,0.0249,0.0011,-0.0102,0.0502,86329,1990.06,8.62,0.0383,6.25,7.37,2.58,5.82,0.714
"Kansas City, MO",2022,4,-0.0042,0.0104,0.0798,0.0705,93061,1731.0,9.18,0.0507,5.96,8.44,2.82,4.12,0.628
"Kansas City, MO",2023,1,-0.0046,0.0335,0.004,0.0353,93460,2116.5,12.73,0.046,4.83,3.84,2.96,4.52,0.401
"Kansas City, MO",2023,2,0.0004,0.0049,-0.019,0.0421,87013,1782.24,2.3,0.0645,5.58,7.16,2.29,8.17,0.512
"Kansas City, MO",2023,3,0.0166,0.0233,0.0074,0.0804,88844,1709.81,12.18,0.0367,4.63,6.5,6.11,5.25,0.778
"Kansas City, MO",2023,4,0.0045,0.0409,0.0631,0.0793,84848,2241.11,4.93,0.0589,6.47,5.87,5.68,8.06,0.269
"Kansas City, MO",2024,1,-0.0006,-0.0009,-0.0021,0.0792,90531,2086.05,2.24,0.0777,8.54,4.41,4.71,6.66,0.346
"Kansas City, MO",2024,2,0.0095,-0.0116,0.0346,0.0827,90613,2284.43,10.56,0.0582,8.02,6.48,7.64,5.57,0.472
"Kansas City, MO",2024,3,0.0257,-0.0069,0.0628,0.0363,91246,2042.2,7.27,0.0655,7.78,5.49,7.36,8.23,0.642
"Kansas City, MO",2024,4,0.0043,0.0074,0.0625,0.0644,87555,2083.66,3.39,0.048,7.67,6.43,4.05,7.9,0.894
"Kansas City, MO",2025,1,0.0083,0.0304,0.0838,0.0685,87818,2081.07,8.66,0.0424,5.03,3.57,6.94,4.83,0.238
"Kansas City, MO",2025,2,0.0315,-0.0098,0.0398,0.0481,84947,1609.14,8.87,0.0653,6.01,8.07,4.57,4.66,0.439
"Kansas City, MO",2025,3,0.0018,0.0349,0.016,0.0979,90646,2439.05,6.59,0.0386,6.4,5.07,2.23,7.51,0.622
"Kansas City, MO",2025,4,-0.0078,0.0306,0.0404,0.0534,93553,2264.72,9.05,0.0357,5.57,6.05,2.5,6.9,0.425
"Kansas City, MO",2026,1,-0.0097,-0.0122,0.0813,0.1049,92687,1724.39,9.57,0.0463,5.49,4.11,5.97,6.05,0.814
"Kansas City, MO",2026,2,0.0113,0.0112,-0.0064,0.0561,90526,2217.35,1.13,0.0606,5.25,4.45,3.57,4.44,0.802
"Kansas City, MO",2026,3,0.0197,0.0364,0.0507,0.0504,87974,2355.72,11.22,0.0345,7.16,7.86,3.5,7.49,0.92
"Kansas City, MO",2026,4,0.0035,0.0413,0.0551,0.0642,89440,1839.93,2.51,0.0707,6.31,6.05,5.82,5.9,0.408
"Columbus, OH",2016,1,0.0302,0.0301,0.0243,0.0869,77828,1981.67,3.34,0.0836,7.97,8.34,6.69,6.32,0.83
"Columbus, OH",2016,2,-0.0055,0.018,-0.0179,0.0415,76132,2024.12,3.24,0.0677,4.39,4.43,5.25,6.18,0.327
"Columbus, OH",2016,3,0.002,0.0311,-0.0023,0.0552,78531,1708.49,11.35,0.0566,5.99,4.91,5.31,8.89,0.241
"Columbus, OH",2016,4,0.0293,0.0314,0.0188,0.0519,75280,2020.97,6.43,0.0604,5.49,6.07,3.15,6.13,0.7
"Columbus, OH",2017,1,-0.0072,-0.0143,0.0805,0.0797,78563,1556.46,9.14,0.0458,7.61,4.97,2.53,7.56,0.299
"Columbus, OH",2017,2,0.0251,0.0212,0.0677,0.0374,80853,1974.85,7.94,0.0429,6.17,5.18,6.91,7.11,0.726
"Columbus, OH",2017,3,0.0032,0.0123,0.0804,0.0742,80527,1593.22,1.67,0.0695,4.58,7.64,6.89,8.72,0.399
"Columbus, OH",2017,4,0.0087,0.0388,0.0692,0.0449,76870,2047.24,6.25,0.0807,8.35,7.8,4.13,5.45,0.69
"Columbus, OH",2018,1,0.0134,0.034,0.0584,0.0778,75482,2093.73,6.89,0.0807,4.97,8.14,2.06,6.53,0.384
"Columbus, OH",2018,2,0.0214,0.024,0.068,0.0639,76908,1603.99,5.72,0.0709,6.17,5.36,2.21,7.46,0.478
"Columbus, OH",2018,3,0.0312,0.0205,0.0058,0.037,80248,1749.77,9.66,0.0293,6.06,7.35,7.15,4.59,0.893
"Columbus, OH",2018,4,-0.0018,-0.004,0.0231,0.0993,77646,2073.21,11.09,0.063,7.75,5.99,5.75,6.11,0.285
"Columbus, OH",2019,1,0.0242,0.0256,0.0649,0.0385,76401,1740.47,8.44,0.0396,7.33,4.43,4.99,7.03,0.821
"Columbus, OH",2019,2,0.024,0.0442,-0.0175,0.0983,78325,1988.3,12.03,0.0761,7.13,6.64,2.81,4.58,0.487
"Columbus, OH",2019,3,0.0018,0.0364,0.0244,0.0875,79616,1443.61,9.88,0.0532,6.07,4.63,6.87,7.74,0.442
"Columbus, OH",2019,4,-0.0027,0.0409,0.051,0.101,75944,1743.36,10.97,0.057,7.03,7.2,5.29,6.63,0.236
"Columbus, OH",2020,1,-0.0046,-0.0058,0.0538,0.1074,76862,1966.13,7.03,0.0541,8.41,3.53,4.45,8.07,0.619
"Columbus, OH",2020,2,-0.0023,0.0202,-0.0034,0.0505,81813,1910.22,9.93,0.0659,8.67,3.98,6.47,8.69,0.357
"Columbus, OH",2020,3,0.0345,0.0211,-0.018,0.0562,79896,1970.37,6.85,0.0847,6.95,3.85,3.97,6.64,0.261
"Columbus, OH",2020,4,0.0066,0.0448,0.0357,0.1069,81437,1590.01,10.65,0.0438,7.82,7.96,6.04,7.84,0.69
"Columbus, OH",2021,1,0.027,-0.0105,0.0561,0.0434,73130,1741.03,6.02,0.0495,7.15,7.15,5.93,5.68,0.648
"Columbus, OH",2021,2,0.0161,0.0303,0.0748,0.0389,77177,1671.64,12.47,0.0611,7.52,4.28,6.93,6.5,0.379
"Columbus, OH",2021,3,-0.001,0.0119,-0.0151,0.0707,75596,2092.62,6.36,0.045,6.25,3.76,2.18,7.08,0.127
"Columbus, OH",2021,4,0.0188,0.037,0.0702,0.0691,81701,1688.63,3.15,0.0819,6.73,7.08,6.47,8.08,0.816
"Columbus, OH",2022,1,0.0047,0.0418,0.0494,0.0364,81356,1496.15,9.58,0.0831,8.58,4.51,5.75,7.09,0.175
"Columbus, OH",2022,2,0.0089,-0.0149,0.0784,0.0864,79344,1928.18,12.16,0.0378,6.37,5.66,2.09,4.16,0.213
"Columbus, OH",2022,3,-0.0092,0.0225,0.0279,0.0827,79941,1992.57,3.53,0.0794,5.42,4.98,3.89,6.91,0.636
"Columbus, OH",2022,4,-0.0017,0.0002,0.0848,0.086,73135,2045.88,2.06,0.0286,7.63,7.96,7.4,4.7,0.238
"Columbus, OH",2023,1,0.0295,-0.0021,0.0427,0.0789,75598,2094.03,13.44,0.0541,5.34,4.5,7.27,6.79,0.444
"Columbus, OH",2023,2,0.0267,0.0273,0.0062,0.0633,73051,1959.77,2.71,0.071,5.31,5.25,6.9,8.37,0.362
"Columbus, OH",2023,3,0.0058,-0.0017,0.0602,0.0542,81768,1954.37,11.6,0.073,7.78,5.03,2.09,5.19,0.44
"Columbus, OH",2023,4,0.0216,0.0354,0.0744,0.076,80440,1474.66,13.98,0.0422,5.9,8.66,4.32,4.75,0.268
"Columbus, OH",2024,1,-0.0043,0.0107,0.02,0.0955,81705,1841.38,6.3,0.0614,4.79,6.7,5.29,6.37,0.875
"Columbus, OH",2024,2,0.0299,0.0393,-0.0058,0.0388,81631,1578.69,6.03,0.0374,6.09,6.91,2.06,6.04,0.162
"Columbus, OH",2024,3,0.0104,0.0409,0.0413,0.0483,79215,2059.1,8.93,0.0616,8.29,6.8,6.76,6.88,0.727
"Columbus, OH",2024,4,0.0256,0.029,0.006,0.059,80861,1802.5,12.25,0.0508,6.57,7.41,4.62,4.92,0.879
"Columbus, OH",2025,1,0.0095,0.0031,0.0059,0.0744,77159,1421.79,12.64,0.0743,4.64,4.6,5.06,4.93,0.75
"Columbus, OH",2025,2,-0.0062,0.0445,0.0223,0.0372,77783,2062.32,4.87,0.0652,7.23,6.07,4.31,8.12,0.716
"Columbus, OH",2025,3,0.0325,0.0424,0.012,0.0839,73592,1556.23,12.32,0.0697,6.79,4.7,2.69,5.0,0.79
"Columbus, OH",2025,4,0.0123,-0.0059,0.0467,0.0758,81888,1484.89,6.65,0.0467,7.29,5.13,6.31,7.27,0.693
"Columbus, OH",2026,1,0.0034,-0.0143,0.0452,0.0882,81535,1499.2,3.37,0.0472,5.27,6.64,4.81,6.09,0.617
"Columbus, OH",2026,2,0.026,0.0223,0.0074,0.1029,81971,1687.55,12.98,0.0838,4.36,8.93,4.15,6.62,0.847
"Columbus, OH",2026,3,-0.0062,0.0245,0.0058,0.1051,79731,1723.73,6.32,0.0814,6.18,5.33,4.79,7.71,0.654
"Columbus, OH",2026,4,0.023,0.0428,0.0105,0.0985,78074,1618.77,7.38,0.0349,4.95,4.74,2.42,4.95,0.661
"Charlotte, NC",2016,1,0.0283,-0.0092,-0.0146,0.0718,68970,1394.3,1.95,0.0845,5.81,4.74,2.5,6.82,0.664
"Charlotte, NC",2016,2,0.0335,-0.0062,0.015,0.0817,67354,1833.5,8.68,0.0574,5.09,6.03,3.1,7.59,0.789
"Charlotte, NC",2016,3,0.0283,0.0036,0.0689,0.0565,70630,1677.64,7.41,0.0295,7.65,6.44,7.02,7.79,0.368
"Charlotte, NC",2016,4,-0.007,0.0431,-0.0195,0.0978,67440,1543.42,11.11,0.0627,7.82,6.96,7.67,7.37,0.825
"Charlotte, NC",2017,1,0.0339,-0.0096,0.053,0.1071,75010,1373.7,8.71,0.0325,5.82,4.56,3.48,6.96,0.162
"Charlotte, NC",2017,2,0.0258,0.0155,0.0162,0.0758,67755,1313.66,5.17,0.0756,5.4,7.45,5.59,7.28,0.312
"Charlotte, NC",2017,3,0.02,0.0403,-0.0151,0.0719,67020,1584.13,4.71,0.0615,8.3,7.91,6.16,5.56,0.365
"Charlotte, NC",2017,4,0.0143,0.0441,0.0844,0.0536,75136,1893.46,2.94,0.0326,6.68,7.25,5.41,5.93,0.236
"Charlotte, NC",2018,1,0.0323,0.0289,0.005,0.0629,72734,1823.16,9.9,0.0439,8.67,7.59,5.83,6.62,0.111
"Charlotte, NC",2018,2,0.0076,-0.0056,0.0533,0.0418,70820,1878.47,10.0,0.0684,5.15,4.62,3.37,7.53,0.212
"Charlotte, NC",2018,3,-0.0075,-0.0036,0.0835,0.0575,74435,1843.24,12.8,0.0793,7.71,8.12,4.83,6.48,0.92
"Charlotte, NC",2018,4,0.0151,0.0445,-0.0155,0.0476,68116,1931.88,8.79,0.0631,6.69,7.48,6.02,8.34,0.34
"Charlotte, NC",2019,1,0.0,-0.0095,0.0515,0.1033,72394,1816.28,2.3,0.0471,5.47,5.36,2.27,4.8,0.439
"Charlotte, NC",2019,2,-0.0016,-0.0078,0.0424,0.0652,73643,1462.18,11.38,0.0663,4.93,3.6,3.31,8.43,0.676
"Charlotte, NC",2019,3,0.0114,0.0421,0.0182,0.0559,67121,1589.25,12.23,0.0667,7.32,4.26,5.72,4.96,0.477
"Charlotte, NC",2019,4,-0.0071,0.0084,-0.0123,0.0813,70187,1492.19,8.5,0.052,7.85,7.92,7.79,4.65,0.446
"Charlotte, NC",2020,1,0.0012,0.0272,0.0405,0.1042,66414,1508.91,2.79,0.0499,7.6,5.16,2.75,6.38,0.572
"Charlotte, NC",2020,2,0.0102,-0.002,0.0208,0.0651,67041,1486.48,6.11,0.0304,6.02,5.89,2.05,4.22,0.721
"Charlotte, NC",2020,3,0.0299,-0.0097,0.0465,0.0549,75121,1264.86,8.64,0.0286,5.2,3.74,2.69,4.81,0.785
"Charlotte, NC",2020,4,0.0007,-0.0133,0.0183,0.0367,68781,1439.53,9.95,0.0717,6.32,5.54,4.71,6.93,0.297
"Charlotte, NC",2021,1,-0.005,0.024,-0.0004,0.0644,74931,1293.38,6.59,0.0356,8.65,5.42,6.73,6.42,0.351
"Charlotte, NC",2021,2,0.0045,0.0337,0.0831,0.0793,71418,1353.5,4.72,0.0597,6.98,7.31,7.37,5.1,0.177
"Charlotte, NC",2021,3,0.0151,0.0228,-0.0073,0.0761,71932,1526.76,7.88,0.0442,8.06,5.06,3.91,8.8,0.233
"Charlotte, NC",2021,4,-0.0024,0.0327,0.019,0.0443,67049,1682.86,5.09,0.0512,4.26,8.83,4.37,7.97,0.814
"Charlotte, NC",2022,1,0.0039,0.0104,0.027,0.0572,68719,1852.64,10.85,0.0794,6.07,4.22,4.05,8.87,0.411
"Charlotte, NC",2022,2,0.0064,-0.0107,0.0803,0.0861,69966,1305.96,9.83,0.0642,4.61,6.23,2.54,6.07,0.395
"Charlotte, NC",2022,3,0.0098,-0.0113,-0.0065,0.0542,70210,1310.91,8.68,0.0455,6.81,3.81,4.18,5.29,0.734
"Charlotte, NC",2022,4,-0.0004,0.0258,0.0136,0.1054,67083,1889.88,5.15,0.0542,6.83,7.54,6.4,8.57,0.642
"Charlotte, NC",2023,1,0.0139,0.0111,0.0581,0.0575,69711,1752.91,6.59,0.0501,4.77,4.79,7.11,7.5,0.521
"Charlotte, NC",2023,2,0.0182,0.0186,0.0216,0.1066,73871,1516.44,1.64,0.0386,5.32,7.6,4.77,6.32,0.721
"Charlotte, NC",2023,3,0.0144,-0.0003,-0.0194,0.0832,68878,1646.54,1.33,0.0485,6.45,4.69,6.93,4.7,0.7
"Charlotte, NC",2023,4,0.0214,-0.0022,0.0517,0.0508,72825,1945.1,4.76,0.0303,8.2,8.57,3.87,7.74,0.793
"Charlotte, NC",2024,1,0.0321,0.0387,0.0283,0.0813,69253,1667.2,4.36,0.053,8.42,6.92,6.11,5.1,0.555
"Charlotte, NC",2024,2,0.0052,-0.0066,-0.0057,0.0865,67730,1274.25,4.27,0.0845,4.5,6.89,3.32,7.91,0.539
"Charlotte, NC",2024,3,0.0032,-0.0023,0.0112,0.0845,74798,1674.7,2.94,0.0627,7.88,6.16,6.76,8.22,0.379
"Charlotte, NC",2024,4,0.0021,0.0055,0.0742,0.0393,71493,1895.43,6.67,0.0673,7.06,4.61,7.56,4.61,0.103
"Charlotte, NC",2025,1,0.0275,0.0323,0.0834,0.051,73278,1365.64,13.91,0.0693,4.89,4.21,4.61,6.29,0.273
"Charlotte, NC",2025,2,-0.0066,0.0382,0.0332,0.107,72775,1915.32,13.07,0.0696,4.33,7.91,2.02,6.74,0.145
"Charlotte, NC",2025,3,0.007,-0.0129,0.0445,0.0477,71176,1605.16,2.76,0.0444,7.55,3.71,4.74,7.47,0.719
"Charlotte, NC",2025,4,-0.004,0.0148,-0.0181,0.0836,72202,1557.7,7.58,0.0524,6.13,5.54,7.37,8.13,0.465
"Charlotte, NC",2026,1,-0.0028,0.0356,0.0057,0.0654,72038,1812.22,9.25,0.0733,8.54,8.36,6.61,8.63,0.72
"Charlotte, NC",2026,2,0.0027,0.0119,0.0131,0.0714,67903,1662.02,7.8,0.0404,6.9,7.74,5.94,7.67,0.813
"Charlotte, NC",2026,3,0.0219,0.0355,0.0428,0.0408,74483,1670.64,6.55,0.0616,7.05,5.23,3.82,8.25,0.608
"Charlotte, NC",2026,4,0.026,-0.0025,0.0665,0.0931,69738,1559.21,2.66,0.0705,8.69,4.91,4.21,4.64,0.233
"Atlanta, GA",2016,1,0.0164,0.0411,0.036,0.0838,83126,2092.78,5.28,0.0444,8.49,4.75,2.09,7.43,0.255
"Atlanta, GA",2016,2,0.0103,0.0295,0.0837,0.1007,84580,1653.84,11.62,0.0834,7.43,5.17,4.89,4.85,0.856
"Atlanta, GA",2016,3,0.0187,0.0055,0.0551,0.091,82469,2122.61,12.01,0.0721,6.62,8.5,2.75,6.21,0.647
"Atlanta, GA",2016,4,0.0192,-0.0115,0.049,0.1079,87772,1781.94,7.79,0.0499,4.55,7.52,6.05,5.25,0.646
"Atlanta, GA",2017,1,0.008,0.0131,0.0829,0.08,85857,2354.54,6.09,0.0709,5.69,5.86,4.57,5.32,0.759
"Atlanta, GA",2017,2,0.0074,0.038,0.0369,0.1078,88704,2257.07,3.0,0.0505,4.75,8.12,2.34,8.31,0.455
"Atlanta, GA",2017,3,0.0073,-0.0071,-0.0096,0.0592,88783,2294.46,9.9,0.0512,5.48,6.25,7.38,8.64,0.374
"Atlanta, GA",2017,4,0.0238,0.0065,0.0318,0.0425,85591,2349.17,7.11,0.0437,4.23,5.63,4.59,6.55,0.788
"Atlanta, GA",2018,1,0.0264,0.0364,0.0106,0.0393,87685,1598.3,5.59,0.0465,4.91,8.4,7.0,5.27,0.754
"Atlanta, GA",2018,2,0.0165,0.0133,0.0111,0.0458,84721,2250.12,3.62,0.0512,6.66,5.84,4.97,5.14,0.371
"Atlanta, GA",2018,3,0.0111,-0.0125,-0.0133,0.0365,84595,1744.2,1.59,0.0635,7.93,4.97,7.31,6.51,0.45
"Atlanta, GA",2018,4,-0.0022,0.0328,0.0149,0.0386,90177,2051.6,3.9,0.084,7.77,5.03,2.4,5.32,0.592
"Atlanta, GA",2019,1,0.0163,0.011,-0.013,0.0806,89395,2038.94,2.75,0.0435,8.75,6.55,2.64,5.78,0.618
"Atlanta, GA",2019,2,0.0137,0.0029,0.076,0.0698,87604,1835.49,10.77,0.0561,8.74,8.86,2.08,5.58,0.644
"Atlanta, GA",2019,3,0.0329,0.0194,0.0511,0.1016,90403,2028.95,1.59,0.0655,6.19,4.43,5.58,5.32,0.653
"Atlanta, GA",2019,4,0.0264,-0.0123,0.0045,0.0418,83709,2303.25,5.32,0.044,8.07,3.6,3.11,5.53,0.135
"Atlanta, GA",2020,1,-0.0057,0.0296,0.0498,0.0703,88958,1985.41,5.71,0.0488,8.56,7.11,2.39,8.41,0.727
"Atlanta, GA",2020,2,0.0347,0.0262,0.0558,0.0501,83532,1958.79,11.91,0.0462,7.15,8.31,6.04,7.95,0.335
"Atlanta, GA",2020,3,0.0157,-0.0054,0.0479,0.0515,88451,2353.37,1.4,0.0646,7.52,5.57,5.61,5.37,0.49
"Atlanta, GA",2020,4,0.0277,0.0026,0.0342,0.0424,84570,2362.7,10.1,0.0499,5.04,6.75,5.81,7.15,0.679
"Atlanta, GA",2021,1,0.0067,0.0439,0.0356,0.102,89096,2179.9,8.03,0.0365,7.78,8.37,6.78,8.03,0.579
"Atlanta, GA",2021,2,0.0086,0.0179,0.0678,0.105,85276,2317.1,2.74,0.0693,5.21,6.11,4.61,6.46,0.592
"Atlanta, GA",2021,3,0.0341,0.038,0.0039,0.0859,82005,2019.5,10.21,0.0734,8.7,5.24,3.58,7.92,0.561
"Atlanta, GA",2021,4,0.0187,-0.0117,0.0733,0.056,88734,1929.54,8.55,0.0681,4.52,7.85,4.44,5.54,0.272
"Atlanta, GA",2022,1,0.0136,0.0443,0.0722,0.0758,82068,2062.38,11.96,0.0707,6.33,3.86,5.38,5.57,0.612
"Atlanta, GA",2022,2,0.0151,0.0031,0.0335,0.0806,87816,2136.14,3.18,0.0751,5.17,4.95,4.97,6.01,0.546
"Atlanta, GA",2022,3,0.0288,0.0426,0.052,0.0649,87956,1665.14,9.86,0.0383,8.5,7.82,5.5,7.1,0.384
"Atlanta, GA",2022,4,-0.006,0.0377,0.0374,0.0466,90264,2014.35,7.8,0.0501,7.22,7.69,4.96,4.66,0.787
"Atlanta, GA",2023,1,0.0192,0.0143,0.0761,0.0641,82017,2176.6,12.35,0.0307,6.9,4.71,6.52,6.89,0.222
"Atlanta, GA",2023,2,0.0149,0.0386,0.0035,0.1029,88571,1967.61,9.6,0.0626,6.29,3.75,6.14,4.22,0.517
"Atlanta, GA",2023,3,0.0107,0.0219,0.0705,0.0937,84546,2264.39,5.4,0.0674,4.26,6.18,3.37,4.5,0.245
"Atlanta, GA",2023,4,0.0262,0.0389,0.0029,0.0592,82116,1824.02,9.86,0.0718,6.22,8.48,4.07,7.15,0.546
"Atlanta, GA",2024,1,0.0178,0.0255,0.0576,0.0737,86007,2135.05,4.42,0.0457,8.72,6.46,2.61,4.37,0.154
"Atlanta, GA",2024,2,0.0299,0.0421,0.0484,0.0876,85133,2169.99,13.71,0.0732,8.11,4.59,5.11,6.18,0.376
"Atlanta, GA",2024,3,0.0238,0.0341,0.0615,0.0801,88591,2162.53,12.42,0.0537,6.25,3.79,7.12,5.14,0.927
"Atlanta, GA",2024,4,0.0262,0.0227,0.0175,0.0734,89167,1759.52,8.47,0.0447,8.41,8.94,6.75,6.07,0.828
"Atlanta, GA",2025,1,0.0329,0.0339,-0.013,0.0513,86648,1651.53,7.24,0.0712,6.53,4.65,2.69,6.85,0.523
"Atlanta, GA",2025,2,0.0104,0.04,0.0431,0.0877,88612,1662.09,4.04,0.057,8.62,7.76,3.21,4.18,0.58
"Atlanta, GA",2025,3,-0.006,0.0186,0.0768,0.0846,85132,2077.67,3.95,0.0451,5.93,8.96,4.16,6.69,0.633
"Atlanta, GA",2025,4,0.0014,-0.0002,0.0255,0.0642,84813,2332.95,4.9,0.0733,8.09,7.4,4.25,7.56,0.394
"Atlanta, GA",2026,1,0.0184,0.0064,0.0098,0.0412,85803,2064.73,10.63,0.0806,7.0,5.84,4.56,5.65,0.906
"Atlanta, GA",2026,2,0.0304,-0.0104,0.0498,0.0653,86113,2001.54,12.59,0.0336,7.82,5.15,3.59,6.35,0.694
"Atlanta, GA",2026,3,-0.0074,0.0204,0.0658,0.0503,88785,1947.03,4.74,0.0699,4.79,7.96,6.98,6.63,0.345
"Atlanta, GA",2026,4,0.0187,-0.0005,0.0011,0.1051,88376,2219.81,13.5,0.0642,8.66,7.62,5.34,7.16,0.427
"Indianapolis, IN",2016,1,-0.0048,0.0384,0.0236,0.0689,63951,1179.07,13.87,0.0516,8.58,3.51,7.78,7.66,0.878
"Indianapolis, IN",2016,2,0.0025,0.0337,0.0768,0.0451,59863,1616.55,2.74,0.0678,5.21,6.88,5.16,4.35,0.94
"Indianapolis, IN",2016,3,0.0226,0.0433,0.0381,0.1018,58030,1399.11,2.22,0.0773,7.03,5.3,5.69,5.35,0.443
"Indianapolis, IN",2016,4,0.0023,-0.0134,-0.0028,0.0534,58792,1622.17,6.95,0.0765,8.38,5.89,3.78,8.26,0.42
"Indianapolis, IN",2017,1,-0.0076,0.018,0.0059,0.0914,58855,1333.65,8.38,0.0726,5.84,8.48,4.21,7.0,0.385
"Indianapolis, IN",2017,2,0.0162,-0.0055,-0.0008,0.0864,62070,1331.25,11.55,0.045,4.41,4.69,6.98,7.88,0.792
"Indianapolis, IN",2017,3,0.0046,0.0434,0.058,0.0601,61178,1143.17,11.81,0.0726,5.45,5.09,5.96,8.29,0.439
"Indianapolis, IN",2017,4,-0.0037,0.017,0.0363,0.0779,61717,1286.09,13.44,0.0318,8.46,5.02,6.24,7.41,0.418
"Indianapolis, IN",2018,1,0.0117,0.0198,0.0008,0.0618,65269,1173.86,7.84,0.0546,7.99,4.68,2.78,7.37,0.346
"Indianapolis, IN",2018,2,0.0162,0.0021,0.0263,0.0838,66184,1360.96,3.53,0.0678,7.9,6.26,2.35,7.54,0.556
"Indianapolis, IN",2018,3,0.0334,-0.0099,0.0016,0.0413,58829,1160.38,4.25,0.0527,6.66,4.44,2.6,7.92,0.513
"Indianapolis, IN",2018,4,0.0147,0.0179,-0.0098,0.0811,66359,1349.19,5.16,0.0452,5.72,6.0,2.31,7.15,0.654
"Indianapolis, IN",2019,1,-0.0099,0.0368,0.0663,0.0842,58947,1252.16,5.84,0.043,7.45,4.58,4.34,4.26,0.266
"Indianapolis, IN",2019,2,-0.0017,0.0151,0.0718,0.1083,63256,1521.55,12.83,0.0291,5.7,8.07,2.98,7.63,0.181
"Indianapolis, IN",2019,3,0.0255,-0.0134,0.0229,0.0378,61961,1294.74,5.16,0.0616,4.85,4.02,6.99,6.08,0.312
"Indianapolis, IN",2019,4,0.0282,0.0162,-0.0065,0.099,58282,1272.34,13.89,0.0412,8.7,4.22,5.86,4.23,0.421
"Indianapolis, IN",2020,1,0.0195,-0.0093,0.0496,0.081,59003,1132.81,2.48,0.0398,6.66,4.65,5.34,4.94,0.645
"Indianapolis, IN",2020,2,0.0064,0.016,0.0803,0.0438,61751,1234.25,10.53,0.0425,8.03,5.76,3.64,4.62,0.359
"Indianapolis, IN",2020,3,0.0125,0.0029,0.0644,0.0807,57847,1362.93,3.25,0.0613,6.18,4.56,3.01,4.27,0.789
"Indianapolis, IN",2020,4,0.0328,-0.0001,0.0588,0.0827,61739,1390.27,4.6,0.0607,7.13,5.48,5.61,8.07,0.403
"Indianapolis, IN",2021,1,0.0276,-0.0095,0.0523,0.1098,64389,1696.59,5.82,0.047,8.1,4.97,6.43,5.91,0.234
"Indianapolis, IN",2021,2,0.0254,0.0373,0.0336,0.0815,62683,1355.92,2.37,0.0549,8.77,4.71,4.35,6.85,0.415
"Indianapolis, IN",2021,3,0.003,0.0115,0.0842,0.0553,64881,1565.72,10.36,0.066,5.76,6.59,6.05,7.43,0.447
"Indianapolis, IN",2021,4,0.0243,0.0378,0.0405,0.1016,60290,1555.63,4.77,0.078,7.45,8.94,4.86,6.9,0.353
"Indianapolis, IN",2022,1,0.0052,-0.0101,0.0473,0.0998,64620,1525.44,13.36,0.0705,6.72,4.74,3.57,8.61,0.344
"Indianapolis, IN",2022,2,0.0147,0.015,0.0251,0.0852,59425,1120.63,6.11,0.0587,5.56,6.09,5.71,7.02,0.739
"Indianapolis, IN",2022,3,0.0242,0.0322,-0.0119,0.0422,65959,1623.43,2.08,0.0504,7.8,7.11,6.03,4.43,0.308
"Indianapolis, IN",2022,4,0.0124,-0.0025,-0.0063,0.0394,57832,1521.4,13.26,0.0436,7.02,7.98,7.56,8.43,0.116
"Indianapolis, IN",2023,1,0.0303,0.0082,0.0089,0.0506,59772,1184.32,13.73,0.0507,5.1,7.73,6.54,6.17,0.256
"Indianapolis, IN",2023,2,0.0189,0.0353,0.0586,0.1094,64132,1486.26,11.95,0.0449,7.65,4.63,6.73,6.93,0.491
"Indianapolis, IN",2023,3,0.0237,0.0201,0.0647,0.0823,61292,1286.02,6.14,0.0606,6.53,7.16,7.76,4.54,0.646
"Indianapolis, IN",2023,4,0.0216,0.008,0.0107,0.0695,65163,1478.78,13.86,0.0295,7.34,6.53,3.27,5.08,0.194
"Indianapolis, IN",2024,1,-0.0053,0.0084,-0.0022,0.0939,59627,1449.13,6.22,0.0689,6.81,5.0,5.39,7.73,0.169
"Indianapolis, IN",2024,2,0.0002,0.0013,0.0085,0.0707,65663,1506.18,9.54,0.0397,7.35,6.43,2.58,4.22,0.579
"Indianapolis, IN",2024,3,0.0259,0.0009,0.0565,0.1066,65853,1626.16,8.81,0.0301,8.77,8.5,2.53,5.96,0.929
"Indianapolis, IN",2024,4,0.016,0.0276,0.0496,0.0412,62870,1119.89,9.53,0.0806,8.31,3.71,5.07,8.07,0.455
"Indianapolis, IN",2025,1,0.0088,-0.0079,0.0762,0.1099,58951,1555.66,12.39,0.0623,5.33,4.29,7.54,7.77,0.319
"Indianapolis, IN",2025,2,0.0303,0.0411,0.0117,0.0546,58747,1198.85,3.72,0.0393,6.16,7.32,5.28,7.29,0.513
"Indianapolis, IN",2025,3,0.0323,0.0205,0.0016,0.0758,63073,1140.29,11.23,0.0336,7.43,3.98,4.87,5.0,0.215
"Indianapolis, IN",2025,4,0.0217,0.02,0.0125,0.0986,59983,1114.65,4.94,0.0544,8.19,4.39,7.41,6.72,0.657
"Indianapolis, IN",2026,1,0.003,-0.0078,0.0682,0.0695,62961,1485.76,2.78,0.0556,7.41,7.75,5.52,8.75,0.505
"Indianapolis, IN",2026,2,0.013,0.0145,0.0109,0.0672,61679,1469.6,8.2,0.0829,4.37,7.0,3.75,8.76,0.659
"Indianapolis, IN",2026,3,0.0071,0.0319,0.0849,0.0477,59715,1491.43,5.53,0.078,4.55,4.81,7.34,5.07,0.144
"Indianapolis, IN",2026,4,0.0169,0.011,0.0495,0.0641,61915,1349.87,11.58,0.0472,8.79,4.47,5.8,7.62,0.859
"Dallas, TX",2016,1,-0.0037,0.0068,0.0311,0.0957,53275,1332.09,8.59,0.062,7.02,6.36,7.31,5.76,0.432
"Dallas, TX",2016,2,0.0027,0.0192,0.0797,0.0516,51681,910.51,2.38,0.0845,7.42,5.37,4.62,8.6,0.879
"Dallas, TX",2016,3,-0.0006,0.0068,0.033,0.1015,48650,1292.38,6.83,0.0693,6.3,5.64,2.77,7.2,0.444
"Dallas, TX",2016,4,-0.0088,0.008,-0.0192,0.0367,50449,903.04,12.17,0.0653,5.46,8.11,2.03,8.01,0.533
"Dallas, TX",2017,1,0.033,0.0103,-0.0011,0.038,52924,1219.55,11.11,0.0338,4.22,8.83,7.69,6.02,0.56
"Dallas, TX",2017,2,-0.0073,0.0013,0.0821,0.092,54418,1116.27,2.83,0.0549,4.98,6.26,2.65,5.72,0.774
"Dallas, TX",2017,3,-0.0027,-0.0012,0.038,0.0486,50283,1150.07,1.17,0.0438,5.7,4.36,3.12,8.9,0.602
"Dallas, TX",2017,4,0.0034,-0.0149,-0.0103,0.0895,53043,1149.19,8.87,0.0346,5.92,7.8,6.09,8.59,0.395
"Dallas, TX",2018,1,-0.0087,0.0362,0.0613,0.0496,52890,1347.94,13.06,0.0374,7.16,6.76,7.36,4.04,0.89
"Dallas, TX",2018,2,0.003,0.0234,0.0783,0.062,46302,1117.97,8.78,0.0545,5.31,4.2,5.13,8.17,0.12
"Dallas, TX",2018,3,0.0035,0.0223,0.0756,0.0884,50568,1040.98,2.0,0.047,7.69,7.83,4.96,8.44,0.89
"Dallas, TX",2018,4,0.0018,0.0132,0.023,0.0691,47743,1235.11,8.16,0.038,7.15,7.21,7.37,5.09,0.428
"Dallas, TX",2019,1,0.024,0.0149,0.0758,0.0832,49356,1348.37,7.04,0.0614,4.73,4.3,3.29,7.24,0.717
"Dallas, TX",2019,2,0.0223,0.0,0.0764,0.053,45857,1229.21,5.15,0.0469,5.69,5.39,4.86,5.82,0.586
"Dallas, TX",2019,3,0.0214,-0.0137,0.0598,0.049,45642,1313.1,11.84,0.0624,6.18,7.01,6.0,5.76,0.23
"Dallas, TX",2019,4,0.0173,0.0176,-0.0184,0.04,51064,905.75,6.46,0.0417,6.28,5.0,4.58,4.21,0.439
"Dallas, TX",2020,1,-0.0035,0.0099,0.0773,0.0664,50528,1152.03,8.64,0.0595,4.84,4.71,2.12,5.37,0.507
"Dallas, TX",2020,2,0.0079,0.0218,0.0472,0.0987,50568,1024.78,6.98,0.0757,8.15,4.49,6.66,7.98,0.552
"Dallas, TX",2020,3,0.0204,-0.0006,-0.0052,0.0538,54025,984.74,1.06,0.0298,4.57,7.4,3.79,7.53,0.391
"Dallas, TX",2020,4,0.0324,0.0089,-0.0087,0.0751,50248,1034.19,12.0,0.0613,4.33,4.46,4.89,7.96,0.113
"Dallas, TX",2021,1,0.0025,0.0071,-0.0135,0.1098,47997,984.89,9.07,0.0473,6.96,5.47,7.4,8.16,0.374
"Dallas, TX",2021,2,0.0142,0.0336,0.0352,0.052,47922,1016.97,8.87,0.0504,8.36,7.3,5.48,6.17,0.184
"Dallas, TX",2021,3,0.0033,-0.0056,-0.0054,0.0448,52304,1027.8,7.03,0.0809,5.01,4.16,5.97,6.89,0.865
"Dallas, TX",2021,4,0.0072,-0.0024,0.0701,0.0976,47699,1073.13,11.65,0.0708,8.67,4.17,3.34,4.77,0.138
"Dallas, TX",2022,1,0.0139,0.0413,0.0176,0.0489,47192,904.12,9.73,0.0308,6.85,7.04,3.23,7.03,0.516
"Dallas, TX",2022,2,0.0119,0.0212,-0.0198,0.0835,51228,970.89,6.59,0.0495,5.05,5.37,6.15,7.32,0.695
"Dallas, TX",2022,3,-0.0071,0.0294,0.0172,0.08,52996,883.6,8.53,0.0634,8.33,4.75,3.66,7.82,0.718
"Dallas, TX",2022,4,0.034,-0.0068,0.0046,0.1072,53311,1195.71,7.05,0.0726,7.73,5.07,4.19,6.16,0.345
"Dallas, TX",2023,1,0.001,-0.0142,0.0577,0.0811,51411,1337.26,3.55,0.063,8.4,8.56,5.89,8.77,0.464
"Dallas, TX",2023,2,0.0089,0.0107,-0.0139,0.0483,52481,1109.09,1.87,0.0295,6.85,6.55,6.76,7.18,0.505
"Dallas, TX",2023,3,-0.0075,0.0247,0.0637,0.0819,49660,957.45,1.9,0.0345,6.4,6.51,7.38,4.12,0.635
"Dallas, TX",2023,4,0.0115,0.0107,0.0152,0.0452,53599,977.92,2.6,0.0483,4.91,8.28,4.2,7.12,0.712
"Dallas, TX",2024,1,0.0191,0.0071,0.0032,0.0723,48126,922.43,8.88,0.039,4.38,8.66,3.42,8.07,0.757
"Dallas, TX",2024,2,0.0011,0.0301,0.0393,0.0873,46830,1302.95,3.69,0.0428,5.79,7.12,4.91,5.86,0.621
"Dallas, TX",2024,3,-0.0043,0.0137,0.0813,0.0885,48936,932.13,11.42,0.0563,5.78,3.89,7.72,8.39,0.881
"Dallas, TX",2024,4,-0.0037,-0.0093,0.0618,0.085,51986,897.02,11.45,0.0373,6.17,5.11,4.5,8.24,0.845
"Dallas, TX",2025,1,0.0292,0.0071,0.0646,0.0716,50808,1360.57,13.26,0.0406,7.92,4.87,7.51,5.79,0.433
"Dallas, TX",2025,2,0.0319,0.0082,0.0293,0.0658,54009,1137.01,4.82,0.0523,4.96,7.98,5.35,7.47,0.806
"Dallas, TX",2025,3,-0.009,0.0094,-0.0055,0.0354,47755,1081.34,13.62,0.0519,5.96,8.61,6.98,4.7,0.671
"Dallas, TX",2025,4,0.029,0.031,0.0588,0.1007,48570,1224.62,8.76,0.0412,5.67,3.62,4.56,7.81,0.319
"Dallas, TX",2026,1,0.0295,0.037,-0.0123,0.0782,51714,1027.38,12.71,0.0386,7.82,5.11,4.86,6.7,0.828
"Dallas, TX",2026,2,0.0321,0.027,0.0566,0.0355,53705,1320.76,10.4,0.0544,8.24,5.55,7.01,5.43,0.657
"Dallas, TX",2026,3,0.0107,-0.0028,0.0482,0.0747,53050,927.48,8.22,0.0759,8.54,8.71,6.49,4.95,0.648
"Dallas, TX",2026,4,0.0296,0.0266,0.0773,0.0874,46681,1012.24,10.33,0.0505,6.04,7.51,2.07,4.97,0.636
"Jacksonville, FL",2016,1,-0.0037,0.0368,0.0829,0.074,91316,1870.44,1.88,0.0359,7.85,4.33,6.77,8.12,0.858
"Jacksonville, FL",2016,2,0.0224,0.0161,0.0329,0.0551,93615,2042.64,11.05,0.0776,5.14,8.96,3.23,8.16,0.674
"Jacksonville, FL",2016,3,0.0071,0.0418,0.0335,0.1054,96111,2321.89,7.48,0.0702,4.59,4.64,2.05,5.64,0.676
"Jacksonville, FL",2016,4,0.0173,0.0022,0.0257,0.1037,95537,1808.47,12.92,0.044,7.49,3.79,7.03,4.71,0.628
"Jacksonville, FL",2017,1,0.0244,-0.0094,0.0392,0.0511,89482,1731.99,2.01,0.0792,5.54,4.1,4.0,8.41,0.708
"Jacksonville, FL",2017,2,0.0303,0.0235,0.0368,0.0387,97816,2561.3,8.5,0.0712,7.58,5.07,5.7,4.3,0.152
"Jacksonville, FL",2017,3,0.0009,0.0059,0.0204,0.0732,92967,1755.84,11.84,0.0389,7.12,4.07,4.99,5.06,0.364
"Jacksonville, FL",2017,4,0.0044,0.0153,0.0007,0.0818,96075,1697.14,7.71,0.0461,5.5,4.1,6.88,6.21,0.323
"Jacksonville, FL",2018,1,-0.0059,0.0406,-0.0161,0.1016,91150,2412.91,6.26,0.0626,7.39,7.05,3.18,7.44,0.471
"Jacksonville, FL",2018,2,-0.0052,0.016,0.0209,0.1086,96388,2161.88,2.47,0.0604,6.36,8.07,4.54,6.84,0.706
"Jacksonville, FL",2018,3,-0.0009,-0.003,0.0235,0.0707,94724,1724.42,12.24,0.047,8.7,4.64,3.1,5.75,0.558
"Jacksonville, FL",2018,4,0.0165,0.0103,0.0262,0.0462,95443,2026.01,13.37,0.0843,6.86,6.76,6.41,4.8,0.235
"Jacksonville, FL",2019,1,0.008,-0.0065,0.0292,0.0933,90177,2129.35,1.86,0.0468,7.95,8.61,4.48,6.38,0.839
"Jacksonville, FL",2019,2,-0.0098,0.0375,0.0013,0.0464,92818,2160.12,3.05,0.0751,5.02,7.65,4.49,6.74,0.65
"Jacksonville, FL",2019,3,0.0015,-0.0108,0.019,0.0904,94709,1742.39,2.64,0.0575,8.54,5.85,7.62,4.02,0.563
"Jacksonville, FL",2019,4,0.0268,0.0415,-0.0192,0.1037,91517,2535.73,12.52,0.076,7.14,7.71,3.3,8.24,0.818
"Jacksonville, FL",2020,1,0.0328,0.0326,0.0293,0.104,91367,2559.89,2.57,0.0713,5.55,5.25,6.02,6.36,0.528
"Jacksonville, FL",2020,2,0.0075,-0.0149,0.0433,0.0356,91867,2520.6,1.95,0.0752,7.5,5.03,3.12,7.31,0.516
"Jacksonville, FL",2020,3,0.03,0.0429,0.0166,0.0844,96792,2466.67,13.81,0.0334,7.05,8.6,6.13,6.09,0.202
"Jacksonville, FL",2020,4,0.0161,0.0229,-0.0086,0.0624,95200,2247.01,11.03,0.051,6.29,5.13,5.52,7.54,0.421
"Jacksonville, FL",2021,1,0.0285,-0.0033,0.0618,0.0362,95475,2251.68,2.98,0.0814,8.06,8.7,7.72,5.86,0.706
"Jacksonville, FL",2021,2,-0.0012,0.0125,0.001,0.0871,90913,1803.05,8.53,0.0713,5.32,6.93,2.08,4.1,0.689
"Jacksonville, FL",2021,3,0.0115,-0.0004,-0.0147,0.0436,91340,2139.34,2.07,0.0818,4.37,7.36,2.25,5.95,0.804
"Jacksonville, FL",2021,4,-0.0032,-0.0145,0.0329,0.0451,92891,2006.73,9.7,0.0761,8.38,6.79,7.01,8.5,0.273
"Jacksonville, FL",2022,1,0.0043,0.0155,0.0549,0.0619,92530,2508.67,2.4,0.0605,6.37,4.0,3.46,5.19,0.862
"Jacksonville, FL",2022,2,0.0127,0.0098,0.0465,0.099,93401,2310.34,11.56,0.0293,5.16,8.68,7.51,7.39,0.795
"Jacksonville, FL",2022,3,0.0083,0.0069,0.0618,0.0456,94925,2047.37,4.43,0.0787,8.35,8.94,4.89,4.63,0.102
"Jacksonville, FL",2022,4,0.0265,0.0264,0.0571,0.0843,95876,1705.2,9.63,0.0329,7.27,5.57,2.1,4.42,0.12
"Jacksonville, FL",2023,1,0.0245,0.0018,0.0665,0.0722,92792,1791.42,10.49,0.0781,7.4,4.59,3.36,8.4,0.818
"Jacksonville, FL",2023,2,0.0309,0.0079,0.0548,0.0974,89678,1870.73,2.16,0.0313,7.52,6.74,5.05,6.92,0.3
"Jacksonville, FL",2023,3,0.0149,0.0163,0.0563,0.0957,98179,1970.93,13.57,0.0379,7.16,8.72,3.95,8.66,0.155
"Jacksonville, FL",2023,4,0.0145,0.0416,0.0594,0.0819,93238,1732.59,1.64,0.043,5.21,5.94,4.46,5.19,0.455
"Jacksonville, FL",2024,1,-0.0023,0.04,-0.0174,0.0942,91714,1761.81,9.77,0.0525,4.51,8.19,7.02,6.8,0.763
"Jacksonville, FL",2024,2,0.0302,0.0439,0.0608,0.0985,93077,2487.87,1.96,0.0752,8.79,3.7,4.02,6.69,0.28
"Jacksonville, FL",2024,3,0.0251,-0.0003,0.0705,0.0674,96805,2541.26,9.04,0.0445,4.84,6.57,7.73,7.66,0.219
"Jacksonville, FL",2024,4,0.009,-0.001,0.0849,0.09,89939,2013.47,10.85,0.0339,7.94,5.85,6.0,4.48,0.521
"Jacksonville, FL",2025,1,0.0079,0.0389,0.0491,0.0757,96171,2567.31,13.05,0.0526,6.62,7.16,4.07,4.43,0.657
"Jacksonville, FL",2025,2,0.0296,0.0319,-0.003,0.1043,92071,1844.17,3.39,0.0526,6.24,8.07,4.99,6.79,0.685
"Jacksonville, FL",2025,3,0.0101,0.0088,0.0797,0.1092,92536,1984.85,8.15,0.0645,7.31,7.43,7.61,4.0,0.348
"Jacksonville, FL",2025,4,0.0163,0.0335,0.0394,0.043,97276,1983.56,7.24,0.0367,5.68,6.82,4.88,5.45,0.567
"Jacksonville, FL",2026,1,-0.0015,0.0184,0.0808,0.0749,90654,1977.7,12.94,0.0816,5.54,7.75,2.63,8.64,0.429
"Jacksonville, FL",2026,2,0.0117,0.02,0.04,0.1065,95243,1813.98,12.28,0.048,4.63,6.43,2.47,4.56,0.93
"Jacksonville, FL",2026,3,0.0137,-0.0126,0.0717,0.0621,92476,1726.17,4.4,0.0619,7.14,6.38,4.59,8.09,0.518
"Jacksonville, FL",2026,4,0.0188,0.0445,0.0458,0.0832,92682,2397.86,1.23,0.0338,8.24,5.37,2.08,7.15,0.433
